{
    "Afghanistan": [33.93911, 67.709953],
    "Albania": [41.153332, 20.168331],
    "Algeria": [28.033886, 1.659626],
    "Angola": [-11.202692, 17.873887],
    "Argentina": [-38.416097, -63.616672],
    "Armenia": [40.069099, 45.038189],
    "Australia": [-25.274398, 133.775136],
    "Austria": [47.516231, 14.550072],
    "Azerbaijan": [40.143105, 47.576927],
    "Bangladesh": [23.684994, 90.356331],
    "Belarus": [53.709807, 27.953389],
    "Belgium": [50.503887, 4.469936],
    "Brazil": [-14.235004, -51.92528],
    "Bulgaria": [42.733883, 25.48583],
    "Canada": [56.130366, -106.346771],
    "China": [35.86166, 104.195397],
    "Czech Republic": [49.817492, 15.472962],
    "Egypt": [26.820553, 30.802498],
    "Finland": [61.92411, 25.748151],
    "France": [46.227638, 2.213749],
    "Germany": [51.165691, 10.451526],
    "Hungary": [47.162494, 19.503304],
    "India": [20.593684, 78.96288],
    "Indonesia": [-0.789275, 113.921327],
    "Iran": [32.427908, 53.688046],
    "Iraq": [33.223191, 43.679291],
    "Israel": [31.046051, 34.851612],
    "Italy": [41.87194, 12.56738],
    "Japan": [36.204824, 138.252924],
    "Kazakhstan": [48.019573, 66.923684],
    "Mexico": [23.634501, -102.552784],
    "Netherlands": [52.132633, 5.291266],
    "North Korea": [40.339852, 127.510093],
    "Norway": [60.472024, 8.468946],
    "Pakistan": [30.375321, 69.345116],
    "Poland": [51.919438, 19.145136],
    "Romania": [45.943161, 24.96676],
    "Russia": [61.52401, 105.318756],
    "Saudi Arabia": [23.885942, 45.079162],
    "Slovakia": [48.669026, 19.699024],
    "Slovenia": [46.151241, 14.995463],
    "South Africa": [-30.559482, 22.937506],
    "South Korea": [35.907757, 127.766922],
    "Spain": [40.463667, -3.74922],
    "Sweden": [60.128161, 18.643501],
    "Switzerland": [46.818188, 8.227512],
    "Taiwan": [23.69781, 120.960515],
    "Turkey": [38.963745, 35.243322],
    "Ukraine": [48.379433, 31.16558],
    "United Arab Emirates": [23.424076, 53.847818],
    "United Kingdom": [55.378051, -3.435973],
    "United States": [37.09024, -95.712891],
    "Vietnam": [14.058324, 108.277199]
}
